-- =============================================================
-- V6: Seed 100 load-test student accounts + 1 workshop (cap=10)
-- =============================================================

-- 100 users
INSERT INTO users (id, email, password_hash, full_name, status) VALUES
    ('a0001000-0000-0000-0000-000000000001', 'loadtest001@unihub.local', '$2a$10$gIBcQtLddWoKielhBR4xjOUeLpFSe8jJFAs9Dbtw84mLHSRwOiPie', 'Load Test 001', 'ACTIVE'),
    ('a0002000-0000-0000-0000-000000000001', 'loadtest002@unihub.local', '$2a$10$gIBcQtLddWoKielhBR4xjOUeLpFSe8jJFAs9Dbtw84mLHSRwOiPie', 'Load Test 002', 'ACTIVE'),
    ('a0003000-0000-0000-0000-000000000001', 'loadtest003@unihub.local', '$2a$10$gIBcQtLddWoKielhBR4xjOUeLpFSe8jJFAs9Dbtw84mLHSRwOiPie', 'Load Test 003', 'ACTIVE'),
    ('a0004000-0000-0000-0000-000000000001', 'loadtest004@unihub.local', '$2a$10$gIBcQtLddWoKielhBR4xjOUeLpFSe8jJFAs9Dbtw84mLHSRwOiPie', 'Load Test 004', 'ACTIVE'),
    ('a0005000-0000-0000-0000-000000000001', 'loadtest005@unihub.local', '$2a$10$gIBcQtLddWoKielhBR4xjOUeLpFSe8jJFAs9Dbtw84mLHSRwOiPie', 'Load Test 005', 'ACTIVE'),
    ('a0006000-0000-0000-0000-000000000001', 'loadtest006@unihub.local', '$2a$10$gIBcQtLddWoKielhBR4xjOUeLpFSe8jJFAs9Dbtw84mLHSRwOiPie', 'Load Test 006', 'ACTIVE'),
    ('a0007000-0000-0000-0000-000000000001', 'loadtest007@unihub.local', '$2a$10$gIBcQtLddWoKielhBR4xjOUeLpFSe8jJFAs9Dbtw84mLHSRwOiPie', 'Load Test 007', 'ACTIVE'),
    ('a0008000-0000-0000-0000-000000000001', 'loadtest008@unihub.local', '$2a$10$gIBcQtLddWoKielhBR4xjOUeLpFSe8jJFAs9Dbtw84mLHSRwOiPie', 'Load Test 008', 'ACTIVE'),
    ('a0009000-0000-0000-0000-000000000001', 'loadtest009@unihub.local', '$2a$10$gIBcQtLddWoKielhBR4xjOUeLpFSe8jJFAs9Dbtw84mLHSRwOiPie', 'Load Test 009', 'ACTIVE'),
    ('a0010000-0000-0000-0000-000000000001', 'loadtest010@unihub.local', '$2a$10$gIBcQtLddWoKielhBR4xjOUeLpFSe8jJFAs9Dbtw84mLHSRwOiPie', 'Load Test 010', 'ACTIVE'),
    ('a0011000-0000-0000-0000-000000000001', 'loadtest011@unihub.local', '$2a$10$gIBcQtLddWoKielhBR4xjOUeLpFSe8jJFAs9Dbtw84mLHSRwOiPie', 'Load Test 011', 'ACTIVE'),
    ('a0012000-0000-0000-0000-000000000001', 'loadtest012@unihub.local', '$2a$10$gIBcQtLddWoKielhBR4xjOUeLpFSe8jJFAs9Dbtw84mLHSRwOiPie', 'Load Test 012', 'ACTIVE'),
    ('a0013000-0000-0000-0000-000000000001', 'loadtest013@unihub.local', '$2a$10$gIBcQtLddWoKielhBR4xjOUeLpFSe8jJFAs9Dbtw84mLHSRwOiPie', 'Load Test 013', 'ACTIVE'),
    ('a0014000-0000-0000-0000-000000000001', 'loadtest014@unihub.local', '$2a$10$gIBcQtLddWoKielhBR4xjOUeLpFSe8jJFAs9Dbtw84mLHSRwOiPie', 'Load Test 014', 'ACTIVE'),
    ('a0015000-0000-0000-0000-000000000001', 'loadtest015@unihub.local', '$2a$10$gIBcQtLddWoKielhBR4xjOUeLpFSe8jJFAs9Dbtw84mLHSRwOiPie', 'Load Test 015', 'ACTIVE'),
    ('a0016000-0000-0000-0000-000000000001', 'loadtest016@unihub.local', '$2a$10$gIBcQtLddWoKielhBR4xjOUeLpFSe8jJFAs9Dbtw84mLHSRwOiPie', 'Load Test 016', 'ACTIVE'),
    ('a0017000-0000-0000-0000-000000000001', 'loadtest017@unihub.local', '$2a$10$gIBcQtLddWoKielhBR4xjOUeLpFSe8jJFAs9Dbtw84mLHSRwOiPie', 'Load Test 017', 'ACTIVE'),
    ('a0018000-0000-0000-0000-000000000001', 'loadtest018@unihub.local', '$2a$10$gIBcQtLddWoKielhBR4xjOUeLpFSe8jJFAs9Dbtw84mLHSRwOiPie', 'Load Test 018', 'ACTIVE'),
    ('a0019000-0000-0000-0000-000000000001', 'loadtest019@unihub.local', '$2a$10$gIBcQtLddWoKielhBR4xjOUeLpFSe8jJFAs9Dbtw84mLHSRwOiPie', 'Load Test 019', 'ACTIVE'),
    ('a0020000-0000-0000-0000-000000000001', 'loadtest020@unihub.local', '$2a$10$gIBcQtLddWoKielhBR4xjOUeLpFSe8jJFAs9Dbtw84mLHSRwOiPie', 'Load Test 020', 'ACTIVE'),
    ('a0021000-0000-0000-0000-000000000001', 'loadtest021@unihub.local', '$2a$10$gIBcQtLddWoKielhBR4xjOUeLpFSe8jJFAs9Dbtw84mLHSRwOiPie', 'Load Test 021', 'ACTIVE'),
    ('a0022000-0000-0000-0000-000000000001', 'loadtest022@unihub.local', '$2a$10$gIBcQtLddWoKielhBR4xjOUeLpFSe8jJFAs9Dbtw84mLHSRwOiPie', 'Load Test 022', 'ACTIVE'),
    ('a0023000-0000-0000-0000-000000000001', 'loadtest023@unihub.local', '$2a$10$gIBcQtLddWoKielhBR4xjOUeLpFSe8jJFAs9Dbtw84mLHSRwOiPie', 'Load Test 023', 'ACTIVE'),
    ('a0024000-0000-0000-0000-000000000001', 'loadtest024@unihub.local', '$2a$10$gIBcQtLddWoKielhBR4xjOUeLpFSe8jJFAs9Dbtw84mLHSRwOiPie', 'Load Test 024', 'ACTIVE'),
    ('a0025000-0000-0000-0000-000000000001', 'loadtest025@unihub.local', '$2a$10$gIBcQtLddWoKielhBR4xjOUeLpFSe8jJFAs9Dbtw84mLHSRwOiPie', 'Load Test 025', 'ACTIVE'),
    ('a0026000-0000-0000-0000-000000000001', 'loadtest026@unihub.local', '$2a$10$gIBcQtLddWoKielhBR4xjOUeLpFSe8jJFAs9Dbtw84mLHSRwOiPie', 'Load Test 026', 'ACTIVE'),
    ('a0027000-0000-0000-0000-000000000001', 'loadtest027@unihub.local', '$2a$10$gIBcQtLddWoKielhBR4xjOUeLpFSe8jJFAs9Dbtw84mLHSRwOiPie', 'Load Test 027', 'ACTIVE'),
    ('a0028000-0000-0000-0000-000000000001', 'loadtest028@unihub.local', '$2a$10$gIBcQtLddWoKielhBR4xjOUeLpFSe8jJFAs9Dbtw84mLHSRwOiPie', 'Load Test 028', 'ACTIVE'),
    ('a0029000-0000-0000-0000-000000000001', 'loadtest029@unihub.local', '$2a$10$gIBcQtLddWoKielhBR4xjOUeLpFSe8jJFAs9Dbtw84mLHSRwOiPie', 'Load Test 029', 'ACTIVE'),
    ('a0030000-0000-0000-0000-000000000001', 'loadtest030@unihub.local', '$2a$10$gIBcQtLddWoKielhBR4xjOUeLpFSe8jJFAs9Dbtw84mLHSRwOiPie', 'Load Test 030', 'ACTIVE'),
    ('a0031000-0000-0000-0000-000000000001', 'loadtest031@unihub.local', '$2a$10$gIBcQtLddWoKielhBR4xjOUeLpFSe8jJFAs9Dbtw84mLHSRwOiPie', 'Load Test 031', 'ACTIVE'),
    ('a0032000-0000-0000-0000-000000000001', 'loadtest032@unihub.local', '$2a$10$gIBcQtLddWoKielhBR4xjOUeLpFSe8jJFAs9Dbtw84mLHSRwOiPie', 'Load Test 032', 'ACTIVE'),
    ('a0033000-0000-0000-0000-000000000001', 'loadtest033@unihub.local', '$2a$10$gIBcQtLddWoKielhBR4xjOUeLpFSe8jJFAs9Dbtw84mLHSRwOiPie', 'Load Test 033', 'ACTIVE'),
    ('a0034000-0000-0000-0000-000000000001', 'loadtest034@unihub.local', '$2a$10$gIBcQtLddWoKielhBR4xjOUeLpFSe8jJFAs9Dbtw84mLHSRwOiPie', 'Load Test 034', 'ACTIVE'),
    ('a0035000-0000-0000-0000-000000000001', 'loadtest035@unihub.local', '$2a$10$gIBcQtLddWoKielhBR4xjOUeLpFSe8jJFAs9Dbtw84mLHSRwOiPie', 'Load Test 035', 'ACTIVE'),
    ('a0036000-0000-0000-0000-000000000001', 'loadtest036@unihub.local', '$2a$10$gIBcQtLddWoKielhBR4xjOUeLpFSe8jJFAs9Dbtw84mLHSRwOiPie', 'Load Test 036', 'ACTIVE'),
    ('a0037000-0000-0000-0000-000000000001', 'loadtest037@unihub.local', '$2a$10$gIBcQtLddWoKielhBR4xjOUeLpFSe8jJFAs9Dbtw84mLHSRwOiPie', 'Load Test 037', 'ACTIVE'),
    ('a0038000-0000-0000-0000-000000000001', 'loadtest038@unihub.local', '$2a$10$gIBcQtLddWoKielhBR4xjOUeLpFSe8jJFAs9Dbtw84mLHSRwOiPie', 'Load Test 038', 'ACTIVE'),
    ('a0039000-0000-0000-0000-000000000001', 'loadtest039@unihub.local', '$2a$10$gIBcQtLddWoKielhBR4xjOUeLpFSe8jJFAs9Dbtw84mLHSRwOiPie', 'Load Test 039', 'ACTIVE'),
    ('a0040000-0000-0000-0000-000000000001', 'loadtest040@unihub.local', '$2a$10$gIBcQtLddWoKielhBR4xjOUeLpFSe8jJFAs9Dbtw84mLHSRwOiPie', 'Load Test 040', 'ACTIVE'),
    ('a0041000-0000-0000-0000-000000000001', 'loadtest041@unihub.local', '$2a$10$gIBcQtLddWoKielhBR4xjOUeLpFSe8jJFAs9Dbtw84mLHSRwOiPie', 'Load Test 041', 'ACTIVE'),
    ('a0042000-0000-0000-0000-000000000001', 'loadtest042@unihub.local', '$2a$10$gIBcQtLddWoKielhBR4xjOUeLpFSe8jJFAs9Dbtw84mLHSRwOiPie', 'Load Test 042', 'ACTIVE'),
    ('a0043000-0000-0000-0000-000000000001', 'loadtest043@unihub.local', '$2a$10$gIBcQtLddWoKielhBR4xjOUeLpFSe8jJFAs9Dbtw84mLHSRwOiPie', 'Load Test 043', 'ACTIVE'),
    ('a0044000-0000-0000-0000-000000000001', 'loadtest044@unihub.local', '$2a$10$gIBcQtLddWoKielhBR4xjOUeLpFSe8jJFAs9Dbtw84mLHSRwOiPie', 'Load Test 044', 'ACTIVE'),
    ('a0045000-0000-0000-0000-000000000001', 'loadtest045@unihub.local', '$2a$10$gIBcQtLddWoKielhBR4xjOUeLpFSe8jJFAs9Dbtw84mLHSRwOiPie', 'Load Test 045', 'ACTIVE'),
    ('a0046000-0000-0000-0000-000000000001', 'loadtest046@unihub.local', '$2a$10$gIBcQtLddWoKielhBR4xjOUeLpFSe8jJFAs9Dbtw84mLHSRwOiPie', 'Load Test 046', 'ACTIVE'),
    ('a0047000-0000-0000-0000-000000000001', 'loadtest047@unihub.local', '$2a$10$gIBcQtLddWoKielhBR4xjOUeLpFSe8jJFAs9Dbtw84mLHSRwOiPie', 'Load Test 047', 'ACTIVE'),
    ('a0048000-0000-0000-0000-000000000001', 'loadtest048@unihub.local', '$2a$10$gIBcQtLddWoKielhBR4xjOUeLpFSe8jJFAs9Dbtw84mLHSRwOiPie', 'Load Test 048', 'ACTIVE'),
    ('a0049000-0000-0000-0000-000000000001', 'loadtest049@unihub.local', '$2a$10$gIBcQtLddWoKielhBR4xjOUeLpFSe8jJFAs9Dbtw84mLHSRwOiPie', 'Load Test 049', 'ACTIVE'),
    ('a0050000-0000-0000-0000-000000000001', 'loadtest050@unihub.local', '$2a$10$gIBcQtLddWoKielhBR4xjOUeLpFSe8jJFAs9Dbtw84mLHSRwOiPie', 'Load Test 050', 'ACTIVE'),
    ('a0051000-0000-0000-0000-000000000001', 'loadtest051@unihub.local', '$2a$10$gIBcQtLddWoKielhBR4xjOUeLpFSe8jJFAs9Dbtw84mLHSRwOiPie', 'Load Test 051', 'ACTIVE'),
    ('a0052000-0000-0000-0000-000000000001', 'loadtest052@unihub.local', '$2a$10$gIBcQtLddWoKielhBR4xjOUeLpFSe8jJFAs9Dbtw84mLHSRwOiPie', 'Load Test 052', 'ACTIVE'),
    ('a0053000-0000-0000-0000-000000000001', 'loadtest053@unihub.local', '$2a$10$gIBcQtLddWoKielhBR4xjOUeLpFSe8jJFAs9Dbtw84mLHSRwOiPie', 'Load Test 053', 'ACTIVE'),
    ('a0054000-0000-0000-0000-000000000001', 'loadtest054@unihub.local', '$2a$10$gIBcQtLddWoKielhBR4xjOUeLpFSe8jJFAs9Dbtw84mLHSRwOiPie', 'Load Test 054', 'ACTIVE'),
    ('a0055000-0000-0000-0000-000000000001', 'loadtest055@unihub.local', '$2a$10$gIBcQtLddWoKielhBR4xjOUeLpFSe8jJFAs9Dbtw84mLHSRwOiPie', 'Load Test 055', 'ACTIVE'),
    ('a0056000-0000-0000-0000-000000000001', 'loadtest056@unihub.local', '$2a$10$gIBcQtLddWoKielhBR4xjOUeLpFSe8jJFAs9Dbtw84mLHSRwOiPie', 'Load Test 056', 'ACTIVE'),
    ('a0057000-0000-0000-0000-000000000001', 'loadtest057@unihub.local', '$2a$10$gIBcQtLddWoKielhBR4xjOUeLpFSe8jJFAs9Dbtw84mLHSRwOiPie', 'Load Test 057', 'ACTIVE'),
    ('a0058000-0000-0000-0000-000000000001', 'loadtest058@unihub.local', '$2a$10$gIBcQtLddWoKielhBR4xjOUeLpFSe8jJFAs9Dbtw84mLHSRwOiPie', 'Load Test 058', 'ACTIVE'),
    ('a0059000-0000-0000-0000-000000000001', 'loadtest059@unihub.local', '$2a$10$gIBcQtLddWoKielhBR4xjOUeLpFSe8jJFAs9Dbtw84mLHSRwOiPie', 'Load Test 059', 'ACTIVE'),
    ('a0060000-0000-0000-0000-000000000001', 'loadtest060@unihub.local', '$2a$10$gIBcQtLddWoKielhBR4xjOUeLpFSe8jJFAs9Dbtw84mLHSRwOiPie', 'Load Test 060', 'ACTIVE'),
    ('a0061000-0000-0000-0000-000000000001', 'loadtest061@unihub.local', '$2a$10$gIBcQtLddWoKielhBR4xjOUeLpFSe8jJFAs9Dbtw84mLHSRwOiPie', 'Load Test 061', 'ACTIVE'),
    ('a0062000-0000-0000-0000-000000000001', 'loadtest062@unihub.local', '$2a$10$gIBcQtLddWoKielhBR4xjOUeLpFSe8jJFAs9Dbtw84mLHSRwOiPie', 'Load Test 062', 'ACTIVE'),
    ('a0063000-0000-0000-0000-000000000001', 'loadtest063@unihub.local', '$2a$10$gIBcQtLddWoKielhBR4xjOUeLpFSe8jJFAs9Dbtw84mLHSRwOiPie', 'Load Test 063', 'ACTIVE'),
    ('a0064000-0000-0000-0000-000000000001', 'loadtest064@unihub.local', '$2a$10$gIBcQtLddWoKielhBR4xjOUeLpFSe8jJFAs9Dbtw84mLHSRwOiPie', 'Load Test 064', 'ACTIVE'),
    ('a0065000-0000-0000-0000-000000000001', 'loadtest065@unihub.local', '$2a$10$gIBcQtLddWoKielhBR4xjOUeLpFSe8jJFAs9Dbtw84mLHSRwOiPie', 'Load Test 065', 'ACTIVE'),
    ('a0066000-0000-0000-0000-000000000001', 'loadtest066@unihub.local', '$2a$10$gIBcQtLddWoKielhBR4xjOUeLpFSe8jJFAs9Dbtw84mLHSRwOiPie', 'Load Test 066', 'ACTIVE'),
    ('a0067000-0000-0000-0000-000000000001', 'loadtest067@unihub.local', '$2a$10$gIBcQtLddWoKielhBR4xjOUeLpFSe8jJFAs9Dbtw84mLHSRwOiPie', 'Load Test 067', 'ACTIVE'),
    ('a0068000-0000-0000-0000-000000000001', 'loadtest068@unihub.local', '$2a$10$gIBcQtLddWoKielhBR4xjOUeLpFSe8jJFAs9Dbtw84mLHSRwOiPie', 'Load Test 068', 'ACTIVE'),
    ('a0069000-0000-0000-0000-000000000001', 'loadtest069@unihub.local', '$2a$10$gIBcQtLddWoKielhBR4xjOUeLpFSe8jJFAs9Dbtw84mLHSRwOiPie', 'Load Test 069', 'ACTIVE'),
    ('a0070000-0000-0000-0000-000000000001', 'loadtest070@unihub.local', '$2a$10$gIBcQtLddWoKielhBR4xjOUeLpFSe8jJFAs9Dbtw84mLHSRwOiPie', 'Load Test 070', 'ACTIVE'),
    ('a0071000-0000-0000-0000-000000000001', 'loadtest071@unihub.local', '$2a$10$gIBcQtLddWoKielhBR4xjOUeLpFSe8jJFAs9Dbtw84mLHSRwOiPie', 'Load Test 071', 'ACTIVE'),
    ('a0072000-0000-0000-0000-000000000001', 'loadtest072@unihub.local', '$2a$10$gIBcQtLddWoKielhBR4xjOUeLpFSe8jJFAs9Dbtw84mLHSRwOiPie', 'Load Test 072', 'ACTIVE'),
    ('a0073000-0000-0000-0000-000000000001', 'loadtest073@unihub.local', '$2a$10$gIBcQtLddWoKielhBR4xjOUeLpFSe8jJFAs9Dbtw84mLHSRwOiPie', 'Load Test 073', 'ACTIVE'),
    ('a0074000-0000-0000-0000-000000000001', 'loadtest074@unihub.local', '$2a$10$gIBcQtLddWoKielhBR4xjOUeLpFSe8jJFAs9Dbtw84mLHSRwOiPie', 'Load Test 074', 'ACTIVE'),
    ('a0075000-0000-0000-0000-000000000001', 'loadtest075@unihub.local', '$2a$10$gIBcQtLddWoKielhBR4xjOUeLpFSe8jJFAs9Dbtw84mLHSRwOiPie', 'Load Test 075', 'ACTIVE'),
    ('a0076000-0000-0000-0000-000000000001', 'loadtest076@unihub.local', '$2a$10$gIBcQtLddWoKielhBR4xjOUeLpFSe8jJFAs9Dbtw84mLHSRwOiPie', 'Load Test 076', 'ACTIVE'),
    ('a0077000-0000-0000-0000-000000000001', 'loadtest077@unihub.local', '$2a$10$gIBcQtLddWoKielhBR4xjOUeLpFSe8jJFAs9Dbtw84mLHSRwOiPie', 'Load Test 077', 'ACTIVE'),
    ('a0078000-0000-0000-0000-000000000001', 'loadtest078@unihub.local', '$2a$10$gIBcQtLddWoKielhBR4xjOUeLpFSe8jJFAs9Dbtw84mLHSRwOiPie', 'Load Test 078', 'ACTIVE'),
    ('a0079000-0000-0000-0000-000000000001', 'loadtest079@unihub.local', '$2a$10$gIBcQtLddWoKielhBR4xjOUeLpFSe8jJFAs9Dbtw84mLHSRwOiPie', 'Load Test 079', 'ACTIVE'),
    ('a0080000-0000-0000-0000-000000000001', 'loadtest080@unihub.local', '$2a$10$gIBcQtLddWoKielhBR4xjOUeLpFSe8jJFAs9Dbtw84mLHSRwOiPie', 'Load Test 080', 'ACTIVE'),
    ('a0081000-0000-0000-0000-000000000001', 'loadtest081@unihub.local', '$2a$10$gIBcQtLddWoKielhBR4xjOUeLpFSe8jJFAs9Dbtw84mLHSRwOiPie', 'Load Test 081', 'ACTIVE'),
    ('a0082000-0000-0000-0000-000000000001', 'loadtest082@unihub.local', '$2a$10$gIBcQtLddWoKielhBR4xjOUeLpFSe8jJFAs9Dbtw84mLHSRwOiPie', 'Load Test 082', 'ACTIVE'),
    ('a0083000-0000-0000-0000-000000000001', 'loadtest083@unihub.local', '$2a$10$gIBcQtLddWoKielhBR4xjOUeLpFSe8jJFAs9Dbtw84mLHSRwOiPie', 'Load Test 083', 'ACTIVE'),
    ('a0084000-0000-0000-0000-000000000001', 'loadtest084@unihub.local', '$2a$10$gIBcQtLddWoKielhBR4xjOUeLpFSe8jJFAs9Dbtw84mLHSRwOiPie', 'Load Test 084', 'ACTIVE'),
    ('a0085000-0000-0000-0000-000000000001', 'loadtest085@unihub.local', '$2a$10$gIBcQtLddWoKielhBR4xjOUeLpFSe8jJFAs9Dbtw84mLHSRwOiPie', 'Load Test 085', 'ACTIVE'),
    ('a0086000-0000-0000-0000-000000000001', 'loadtest086@unihub.local', '$2a$10$gIBcQtLddWoKielhBR4xjOUeLpFSe8jJFAs9Dbtw84mLHSRwOiPie', 'Load Test 086', 'ACTIVE'),
    ('a0087000-0000-0000-0000-000000000001', 'loadtest087@unihub.local', '$2a$10$gIBcQtLddWoKielhBR4xjOUeLpFSe8jJFAs9Dbtw84mLHSRwOiPie', 'Load Test 087', 'ACTIVE'),
    ('a0088000-0000-0000-0000-000000000001', 'loadtest088@unihub.local', '$2a$10$gIBcQtLddWoKielhBR4xjOUeLpFSe8jJFAs9Dbtw84mLHSRwOiPie', 'Load Test 088', 'ACTIVE'),
    ('a0089000-0000-0000-0000-000000000001', 'loadtest089@unihub.local', '$2a$10$gIBcQtLddWoKielhBR4xjOUeLpFSe8jJFAs9Dbtw84mLHSRwOiPie', 'Load Test 089', 'ACTIVE'),
    ('a0090000-0000-0000-0000-000000000001', 'loadtest090@unihub.local', '$2a$10$gIBcQtLddWoKielhBR4xjOUeLpFSe8jJFAs9Dbtw84mLHSRwOiPie', 'Load Test 090', 'ACTIVE'),
    ('a0091000-0000-0000-0000-000000000001', 'loadtest091@unihub.local', '$2a$10$gIBcQtLddWoKielhBR4xjOUeLpFSe8jJFAs9Dbtw84mLHSRwOiPie', 'Load Test 091', 'ACTIVE'),
    ('a0092000-0000-0000-0000-000000000001', 'loadtest092@unihub.local', '$2a$10$gIBcQtLddWoKielhBR4xjOUeLpFSe8jJFAs9Dbtw84mLHSRwOiPie', 'Load Test 092', 'ACTIVE'),
    ('a0093000-0000-0000-0000-000000000001', 'loadtest093@unihub.local', '$2a$10$gIBcQtLddWoKielhBR4xjOUeLpFSe8jJFAs9Dbtw84mLHSRwOiPie', 'Load Test 093', 'ACTIVE'),
    ('a0094000-0000-0000-0000-000000000001', 'loadtest094@unihub.local', '$2a$10$gIBcQtLddWoKielhBR4xjOUeLpFSe8jJFAs9Dbtw84mLHSRwOiPie', 'Load Test 094', 'ACTIVE'),
    ('a0095000-0000-0000-0000-000000000001', 'loadtest095@unihub.local', '$2a$10$gIBcQtLddWoKielhBR4xjOUeLpFSe8jJFAs9Dbtw84mLHSRwOiPie', 'Load Test 095', 'ACTIVE'),
    ('a0096000-0000-0000-0000-000000000001', 'loadtest096@unihub.local', '$2a$10$gIBcQtLddWoKielhBR4xjOUeLpFSe8jJFAs9Dbtw84mLHSRwOiPie', 'Load Test 096', 'ACTIVE'),
    ('a0097000-0000-0000-0000-000000000001', 'loadtest097@unihub.local', '$2a$10$gIBcQtLddWoKielhBR4xjOUeLpFSe8jJFAs9Dbtw84mLHSRwOiPie', 'Load Test 097', 'ACTIVE'),
    ('a0098000-0000-0000-0000-000000000001', 'loadtest098@unihub.local', '$2a$10$gIBcQtLddWoKielhBR4xjOUeLpFSe8jJFAs9Dbtw84mLHSRwOiPie', 'Load Test 098', 'ACTIVE'),
    ('a0099000-0000-0000-0000-000000000001', 'loadtest099@unihub.local', '$2a$10$gIBcQtLddWoKielhBR4xjOUeLpFSe8jJFAs9Dbtw84mLHSRwOiPie', 'Load Test 099', 'ACTIVE'),
    ('a0100000-0000-0000-0000-000000000001', 'loadtest100@unihub.local', '$2a$10$gIBcQtLddWoKielhBR4xjOUeLpFSe8jJFAs9Dbtw84mLHSRwOiPie', 'Load Test 100', 'ACTIVE');

-- Assign STUDENT role
INSERT INTO user_roles (user_id, role_id) VALUES
    ('a0001000-0000-0000-0000-000000000001', '00000000-0000-0000-0000-000000000011'),
    ('a0002000-0000-0000-0000-000000000001', '00000000-0000-0000-0000-000000000011'),
    ('a0003000-0000-0000-0000-000000000001', '00000000-0000-0000-0000-000000000011'),
    ('a0004000-0000-0000-0000-000000000001', '00000000-0000-0000-0000-000000000011'),
    ('a0005000-0000-0000-0000-000000000001', '00000000-0000-0000-0000-000000000011'),
    ('a0006000-0000-0000-0000-000000000001', '00000000-0000-0000-0000-000000000011'),
    ('a0007000-0000-0000-0000-000000000001', '00000000-0000-0000-0000-000000000011'),
    ('a0008000-0000-0000-0000-000000000001', '00000000-0000-0000-0000-000000000011'),
    ('a0009000-0000-0000-0000-000000000001', '00000000-0000-0000-0000-000000000011'),
    ('a0010000-0000-0000-0000-000000000001', '00000000-0000-0000-0000-000000000011'),
    ('a0011000-0000-0000-0000-000000000001', '00000000-0000-0000-0000-000000000011'),
    ('a0012000-0000-0000-0000-000000000001', '00000000-0000-0000-0000-000000000011'),
    ('a0013000-0000-0000-0000-000000000001', '00000000-0000-0000-0000-000000000011'),
    ('a0014000-0000-0000-0000-000000000001', '00000000-0000-0000-0000-000000000011'),
    ('a0015000-0000-0000-0000-000000000001', '00000000-0000-0000-0000-000000000011'),
    ('a0016000-0000-0000-0000-000000000001', '00000000-0000-0000-0000-000000000011'),
    ('a0017000-0000-0000-0000-000000000001', '00000000-0000-0000-0000-000000000011'),
    ('a0018000-0000-0000-0000-000000000001', '00000000-0000-0000-0000-000000000011'),
    ('a0019000-0000-0000-0000-000000000001', '00000000-0000-0000-0000-000000000011'),
    ('a0020000-0000-0000-0000-000000000001', '00000000-0000-0000-0000-000000000011'),
    ('a0021000-0000-0000-0000-000000000001', '00000000-0000-0000-0000-000000000011'),
    ('a0022000-0000-0000-0000-000000000001', '00000000-0000-0000-0000-000000000011'),
    ('a0023000-0000-0000-0000-000000000001', '00000000-0000-0000-0000-000000000011'),
    ('a0024000-0000-0000-0000-000000000001', '00000000-0000-0000-0000-000000000011'),
    ('a0025000-0000-0000-0000-000000000001', '00000000-0000-0000-0000-000000000011'),
    ('a0026000-0000-0000-0000-000000000001', '00000000-0000-0000-0000-000000000011'),
    ('a0027000-0000-0000-0000-000000000001', '00000000-0000-0000-0000-000000000011'),
    ('a0028000-0000-0000-0000-000000000001', '00000000-0000-0000-0000-000000000011'),
    ('a0029000-0000-0000-0000-000000000001', '00000000-0000-0000-0000-000000000011'),
    ('a0030000-0000-0000-0000-000000000001', '00000000-0000-0000-0000-000000000011'),
    ('a0031000-0000-0000-0000-000000000001', '00000000-0000-0000-0000-000000000011'),
    ('a0032000-0000-0000-0000-000000000001', '00000000-0000-0000-0000-000000000011'),
    ('a0033000-0000-0000-0000-000000000001', '00000000-0000-0000-0000-000000000011'),
    ('a0034000-0000-0000-0000-000000000001', '00000000-0000-0000-0000-000000000011'),
    ('a0035000-0000-0000-0000-000000000001', '00000000-0000-0000-0000-000000000011'),
    ('a0036000-0000-0000-0000-000000000001', '00000000-0000-0000-0000-000000000011'),
    ('a0037000-0000-0000-0000-000000000001', '00000000-0000-0000-0000-000000000011'),
    ('a0038000-0000-0000-0000-000000000001', '00000000-0000-0000-0000-000000000011'),
    ('a0039000-0000-0000-0000-000000000001', '00000000-0000-0000-0000-000000000011'),
    ('a0040000-0000-0000-0000-000000000001', '00000000-0000-0000-0000-000000000011'),
    ('a0041000-0000-0000-0000-000000000001', '00000000-0000-0000-0000-000000000011'),
    ('a0042000-0000-0000-0000-000000000001', '00000000-0000-0000-0000-000000000011'),
    ('a0043000-0000-0000-0000-000000000001', '00000000-0000-0000-0000-000000000011'),
    ('a0044000-0000-0000-0000-000000000001', '00000000-0000-0000-0000-000000000011'),
    ('a0045000-0000-0000-0000-000000000001', '00000000-0000-0000-0000-000000000011'),
    ('a0046000-0000-0000-0000-000000000001', '00000000-0000-0000-0000-000000000011'),
    ('a0047000-0000-0000-0000-000000000001', '00000000-0000-0000-0000-000000000011'),
    ('a0048000-0000-0000-0000-000000000001', '00000000-0000-0000-0000-000000000011'),
    ('a0049000-0000-0000-0000-000000000001', '00000000-0000-0000-0000-000000000011'),
    ('a0050000-0000-0000-0000-000000000001', '00000000-0000-0000-0000-000000000011'),
    ('a0051000-0000-0000-0000-000000000001', '00000000-0000-0000-0000-000000000011'),
    ('a0052000-0000-0000-0000-000000000001', '00000000-0000-0000-0000-000000000011'),
    ('a0053000-0000-0000-0000-000000000001', '00000000-0000-0000-0000-000000000011'),
    ('a0054000-0000-0000-0000-000000000001', '00000000-0000-0000-0000-000000000011'),
    ('a0055000-0000-0000-0000-000000000001', '00000000-0000-0000-0000-000000000011'),
    ('a0056000-0000-0000-0000-000000000001', '00000000-0000-0000-0000-000000000011'),
    ('a0057000-0000-0000-0000-000000000001', '00000000-0000-0000-0000-000000000011'),
    ('a0058000-0000-0000-0000-000000000001', '00000000-0000-0000-0000-000000000011'),
    ('a0059000-0000-0000-0000-000000000001', '00000000-0000-0000-0000-000000000011'),
    ('a0060000-0000-0000-0000-000000000001', '00000000-0000-0000-0000-000000000011'),
    ('a0061000-0000-0000-0000-000000000001', '00000000-0000-0000-0000-000000000011'),
    ('a0062000-0000-0000-0000-000000000001', '00000000-0000-0000-0000-000000000011'),
    ('a0063000-0000-0000-0000-000000000001', '00000000-0000-0000-0000-000000000011'),
    ('a0064000-0000-0000-0000-000000000001', '00000000-0000-0000-0000-000000000011'),
    ('a0065000-0000-0000-0000-000000000001', '00000000-0000-0000-0000-000000000011'),
    ('a0066000-0000-0000-0000-000000000001', '00000000-0000-0000-0000-000000000011'),
    ('a0067000-0000-0000-0000-000000000001', '00000000-0000-0000-0000-000000000011'),
    ('a0068000-0000-0000-0000-000000000001', '00000000-0000-0000-0000-000000000011'),
    ('a0069000-0000-0000-0000-000000000001', '00000000-0000-0000-0000-000000000011'),
    ('a0070000-0000-0000-0000-000000000001', '00000000-0000-0000-0000-000000000011'),
    ('a0071000-0000-0000-0000-000000000001', '00000000-0000-0000-0000-000000000011'),
    ('a0072000-0000-0000-0000-000000000001', '00000000-0000-0000-0000-000000000011'),
    ('a0073000-0000-0000-0000-000000000001', '00000000-0000-0000-0000-000000000011'),
    ('a0074000-0000-0000-0000-000000000001', '00000000-0000-0000-0000-000000000011'),
    ('a0075000-0000-0000-0000-000000000001', '00000000-0000-0000-0000-000000000011'),
    ('a0076000-0000-0000-0000-000000000001', '00000000-0000-0000-0000-000000000011'),
    ('a0077000-0000-0000-0000-000000000001', '00000000-0000-0000-0000-000000000011'),
    ('a0078000-0000-0000-0000-000000000001', '00000000-0000-0000-0000-000000000011'),
    ('a0079000-0000-0000-0000-000000000001', '00000000-0000-0000-0000-000000000011'),
    ('a0080000-0000-0000-0000-000000000001', '00000000-0000-0000-0000-000000000011'),
    ('a0081000-0000-0000-0000-000000000001', '00000000-0000-0000-0000-000000000011'),
    ('a0082000-0000-0000-0000-000000000001', '00000000-0000-0000-0000-000000000011'),
    ('a0083000-0000-0000-0000-000000000001', '00000000-0000-0000-0000-000000000011'),
    ('a0084000-0000-0000-0000-000000000001', '00000000-0000-0000-0000-000000000011'),
    ('a0085000-0000-0000-0000-000000000001', '00000000-0000-0000-0000-000000000011'),
    ('a0086000-0000-0000-0000-000000000001', '00000000-0000-0000-0000-000000000011'),
    ('a0087000-0000-0000-0000-000000000001', '00000000-0000-0000-0000-000000000011'),
    ('a0088000-0000-0000-0000-000000000001', '00000000-0000-0000-0000-000000000011'),
    ('a0089000-0000-0000-0000-000000000001', '00000000-0000-0000-0000-000000000011'),
    ('a0090000-0000-0000-0000-000000000001', '00000000-0000-0000-0000-000000000011'),
    ('a0091000-0000-0000-0000-000000000001', '00000000-0000-0000-0000-000000000011'),
    ('a0092000-0000-0000-0000-000000000001', '00000000-0000-0000-0000-000000000011'),
    ('a0093000-0000-0000-0000-000000000001', '00000000-0000-0000-0000-000000000011'),
    ('a0094000-0000-0000-0000-000000000001', '00000000-0000-0000-0000-000000000011'),
    ('a0095000-0000-0000-0000-000000000001', '00000000-0000-0000-0000-000000000011'),
    ('a0096000-0000-0000-0000-000000000001', '00000000-0000-0000-0000-000000000011'),
    ('a0097000-0000-0000-0000-000000000001', '00000000-0000-0000-0000-000000000011'),
    ('a0098000-0000-0000-0000-000000000001', '00000000-0000-0000-0000-000000000011'),
    ('a0099000-0000-0000-0000-000000000001', '00000000-0000-0000-0000-000000000011'),
    ('a0100000-0000-0000-0000-000000000001', '00000000-0000-0000-0000-000000000011');

-- 100 student profiles
INSERT INTO students (id, user_id, student_code, full_name, email, faculty, major, cohort, status, source_file, source_row_number) VALUES
    ('b0001000-0000-0000-0000-000000000001', 'a0001000-0000-0000-0000-000000000001', 'LT001', 'Load Test 001', 'loadtest001@unihub.local', 'CNTT', 'Load Testing', 'K99', 'ACTIVE', 'load_test_seed.sql', 1),
    ('b0002000-0000-0000-0000-000000000001', 'a0002000-0000-0000-0000-000000000001', 'LT002', 'Load Test 002', 'loadtest002@unihub.local', 'CNTT', 'Load Testing', 'K99', 'ACTIVE', 'load_test_seed.sql', 2),
    ('b0003000-0000-0000-0000-000000000001', 'a0003000-0000-0000-0000-000000000001', 'LT003', 'Load Test 003', 'loadtest003@unihub.local', 'CNTT', 'Load Testing', 'K99', 'ACTIVE', 'load_test_seed.sql', 3),
    ('b0004000-0000-0000-0000-000000000001', 'a0004000-0000-0000-0000-000000000001', 'LT004', 'Load Test 004', 'loadtest004@unihub.local', 'CNTT', 'Load Testing', 'K99', 'ACTIVE', 'load_test_seed.sql', 4),
    ('b0005000-0000-0000-0000-000000000001', 'a0005000-0000-0000-0000-000000000001', 'LT005', 'Load Test 005', 'loadtest005@unihub.local', 'CNTT', 'Load Testing', 'K99', 'ACTIVE', 'load_test_seed.sql', 5),
    ('b0006000-0000-0000-0000-000000000001', 'a0006000-0000-0000-0000-000000000001', 'LT006', 'Load Test 006', 'loadtest006@unihub.local', 'CNTT', 'Load Testing', 'K99', 'ACTIVE', 'load_test_seed.sql', 6),
    ('b0007000-0000-0000-0000-000000000001', 'a0007000-0000-0000-0000-000000000001', 'LT007', 'Load Test 007', 'loadtest007@unihub.local', 'CNTT', 'Load Testing', 'K99', 'ACTIVE', 'load_test_seed.sql', 7),
    ('b0008000-0000-0000-0000-000000000001', 'a0008000-0000-0000-0000-000000000001', 'LT008', 'Load Test 008', 'loadtest008@unihub.local', 'CNTT', 'Load Testing', 'K99', 'ACTIVE', 'load_test_seed.sql', 8),
    ('b0009000-0000-0000-0000-000000000001', 'a0009000-0000-0000-0000-000000000001', 'LT009', 'Load Test 009', 'loadtest009@unihub.local', 'CNTT', 'Load Testing', 'K99', 'ACTIVE', 'load_test_seed.sql', 9),
    ('b0010000-0000-0000-0000-000000000001', 'a0010000-0000-0000-0000-000000000001', 'LT010', 'Load Test 010', 'loadtest010@unihub.local', 'CNTT', 'Load Testing', 'K99', 'ACTIVE', 'load_test_seed.sql', 10),
    ('b0011000-0000-0000-0000-000000000001', 'a0011000-0000-0000-0000-000000000001', 'LT011', 'Load Test 011', 'loadtest011@unihub.local', 'CNTT', 'Load Testing', 'K99', 'ACTIVE', 'load_test_seed.sql', 11),
    ('b0012000-0000-0000-0000-000000000001', 'a0012000-0000-0000-0000-000000000001', 'LT012', 'Load Test 012', 'loadtest012@unihub.local', 'CNTT', 'Load Testing', 'K99', 'ACTIVE', 'load_test_seed.sql', 12),
    ('b0013000-0000-0000-0000-000000000001', 'a0013000-0000-0000-0000-000000000001', 'LT013', 'Load Test 013', 'loadtest013@unihub.local', 'CNTT', 'Load Testing', 'K99', 'ACTIVE', 'load_test_seed.sql', 13),
    ('b0014000-0000-0000-0000-000000000001', 'a0014000-0000-0000-0000-000000000001', 'LT014', 'Load Test 014', 'loadtest014@unihub.local', 'CNTT', 'Load Testing', 'K99', 'ACTIVE', 'load_test_seed.sql', 14),
    ('b0015000-0000-0000-0000-000000000001', 'a0015000-0000-0000-0000-000000000001', 'LT015', 'Load Test 015', 'loadtest015@unihub.local', 'CNTT', 'Load Testing', 'K99', 'ACTIVE', 'load_test_seed.sql', 15),
    ('b0016000-0000-0000-0000-000000000001', 'a0016000-0000-0000-0000-000000000001', 'LT016', 'Load Test 016', 'loadtest016@unihub.local', 'CNTT', 'Load Testing', 'K99', 'ACTIVE', 'load_test_seed.sql', 16),
    ('b0017000-0000-0000-0000-000000000001', 'a0017000-0000-0000-0000-000000000001', 'LT017', 'Load Test 017', 'loadtest017@unihub.local', 'CNTT', 'Load Testing', 'K99', 'ACTIVE', 'load_test_seed.sql', 17),
    ('b0018000-0000-0000-0000-000000000001', 'a0018000-0000-0000-0000-000000000001', 'LT018', 'Load Test 018', 'loadtest018@unihub.local', 'CNTT', 'Load Testing', 'K99', 'ACTIVE', 'load_test_seed.sql', 18),
    ('b0019000-0000-0000-0000-000000000001', 'a0019000-0000-0000-0000-000000000001', 'LT019', 'Load Test 019', 'loadtest019@unihub.local', 'CNTT', 'Load Testing', 'K99', 'ACTIVE', 'load_test_seed.sql', 19),
    ('b0020000-0000-0000-0000-000000000001', 'a0020000-0000-0000-0000-000000000001', 'LT020', 'Load Test 020', 'loadtest020@unihub.local', 'CNTT', 'Load Testing', 'K99', 'ACTIVE', 'load_test_seed.sql', 20),
    ('b0021000-0000-0000-0000-000000000001', 'a0021000-0000-0000-0000-000000000001', 'LT021', 'Load Test 021', 'loadtest021@unihub.local', 'CNTT', 'Load Testing', 'K99', 'ACTIVE', 'load_test_seed.sql', 21),
    ('b0022000-0000-0000-0000-000000000001', 'a0022000-0000-0000-0000-000000000001', 'LT022', 'Load Test 022', 'loadtest022@unihub.local', 'CNTT', 'Load Testing', 'K99', 'ACTIVE', 'load_test_seed.sql', 22),
    ('b0023000-0000-0000-0000-000000000001', 'a0023000-0000-0000-0000-000000000001', 'LT023', 'Load Test 023', 'loadtest023@unihub.local', 'CNTT', 'Load Testing', 'K99', 'ACTIVE', 'load_test_seed.sql', 23),
    ('b0024000-0000-0000-0000-000000000001', 'a0024000-0000-0000-0000-000000000001', 'LT024', 'Load Test 024', 'loadtest024@unihub.local', 'CNTT', 'Load Testing', 'K99', 'ACTIVE', 'load_test_seed.sql', 24),
    ('b0025000-0000-0000-0000-000000000001', 'a0025000-0000-0000-0000-000000000001', 'LT025', 'Load Test 025', 'loadtest025@unihub.local', 'CNTT', 'Load Testing', 'K99', 'ACTIVE', 'load_test_seed.sql', 25),
    ('b0026000-0000-0000-0000-000000000001', 'a0026000-0000-0000-0000-000000000001', 'LT026', 'Load Test 026', 'loadtest026@unihub.local', 'CNTT', 'Load Testing', 'K99', 'ACTIVE', 'load_test_seed.sql', 26),
    ('b0027000-0000-0000-0000-000000000001', 'a0027000-0000-0000-0000-000000000001', 'LT027', 'Load Test 027', 'loadtest027@unihub.local', 'CNTT', 'Load Testing', 'K99', 'ACTIVE', 'load_test_seed.sql', 27),
    ('b0028000-0000-0000-0000-000000000001', 'a0028000-0000-0000-0000-000000000001', 'LT028', 'Load Test 028', 'loadtest028@unihub.local', 'CNTT', 'Load Testing', 'K99', 'ACTIVE', 'load_test_seed.sql', 28),
    ('b0029000-0000-0000-0000-000000000001', 'a0029000-0000-0000-0000-000000000001', 'LT029', 'Load Test 029', 'loadtest029@unihub.local', 'CNTT', 'Load Testing', 'K99', 'ACTIVE', 'load_test_seed.sql', 29),
    ('b0030000-0000-0000-0000-000000000001', 'a0030000-0000-0000-0000-000000000001', 'LT030', 'Load Test 030', 'loadtest030@unihub.local', 'CNTT', 'Load Testing', 'K99', 'ACTIVE', 'load_test_seed.sql', 30),
    ('b0031000-0000-0000-0000-000000000001', 'a0031000-0000-0000-0000-000000000001', 'LT031', 'Load Test 031', 'loadtest031@unihub.local', 'CNTT', 'Load Testing', 'K99', 'ACTIVE', 'load_test_seed.sql', 31),
    ('b0032000-0000-0000-0000-000000000001', 'a0032000-0000-0000-0000-000000000001', 'LT032', 'Load Test 032', 'loadtest032@unihub.local', 'CNTT', 'Load Testing', 'K99', 'ACTIVE', 'load_test_seed.sql', 32),
    ('b0033000-0000-0000-0000-000000000001', 'a0033000-0000-0000-0000-000000000001', 'LT033', 'Load Test 033', 'loadtest033@unihub.local', 'CNTT', 'Load Testing', 'K99', 'ACTIVE', 'load_test_seed.sql', 33),
    ('b0034000-0000-0000-0000-000000000001', 'a0034000-0000-0000-0000-000000000001', 'LT034', 'Load Test 034', 'loadtest034@unihub.local', 'CNTT', 'Load Testing', 'K99', 'ACTIVE', 'load_test_seed.sql', 34),
    ('b0035000-0000-0000-0000-000000000001', 'a0035000-0000-0000-0000-000000000001', 'LT035', 'Load Test 035', 'loadtest035@unihub.local', 'CNTT', 'Load Testing', 'K99', 'ACTIVE', 'load_test_seed.sql', 35),
    ('b0036000-0000-0000-0000-000000000001', 'a0036000-0000-0000-0000-000000000001', 'LT036', 'Load Test 036', 'loadtest036@unihub.local', 'CNTT', 'Load Testing', 'K99', 'ACTIVE', 'load_test_seed.sql', 36),
    ('b0037000-0000-0000-0000-000000000001', 'a0037000-0000-0000-0000-000000000001', 'LT037', 'Load Test 037', 'loadtest037@unihub.local', 'CNTT', 'Load Testing', 'K99', 'ACTIVE', 'load_test_seed.sql', 37),
    ('b0038000-0000-0000-0000-000000000001', 'a0038000-0000-0000-0000-000000000001', 'LT038', 'Load Test 038', 'loadtest038@unihub.local', 'CNTT', 'Load Testing', 'K99', 'ACTIVE', 'load_test_seed.sql', 38),
    ('b0039000-0000-0000-0000-000000000001', 'a0039000-0000-0000-0000-000000000001', 'LT039', 'Load Test 039', 'loadtest039@unihub.local', 'CNTT', 'Load Testing', 'K99', 'ACTIVE', 'load_test_seed.sql', 39),
    ('b0040000-0000-0000-0000-000000000001', 'a0040000-0000-0000-0000-000000000001', 'LT040', 'Load Test 040', 'loadtest040@unihub.local', 'CNTT', 'Load Testing', 'K99', 'ACTIVE', 'load_test_seed.sql', 40),
    ('b0041000-0000-0000-0000-000000000001', 'a0041000-0000-0000-0000-000000000001', 'LT041', 'Load Test 041', 'loadtest041@unihub.local', 'CNTT', 'Load Testing', 'K99', 'ACTIVE', 'load_test_seed.sql', 41),
    ('b0042000-0000-0000-0000-000000000001', 'a0042000-0000-0000-0000-000000000001', 'LT042', 'Load Test 042', 'loadtest042@unihub.local', 'CNTT', 'Load Testing', 'K99', 'ACTIVE', 'load_test_seed.sql', 42),
    ('b0043000-0000-0000-0000-000000000001', 'a0043000-0000-0000-0000-000000000001', 'LT043', 'Load Test 043', 'loadtest043@unihub.local', 'CNTT', 'Load Testing', 'K99', 'ACTIVE', 'load_test_seed.sql', 43),
    ('b0044000-0000-0000-0000-000000000001', 'a0044000-0000-0000-0000-000000000001', 'LT044', 'Load Test 044', 'loadtest044@unihub.local', 'CNTT', 'Load Testing', 'K99', 'ACTIVE', 'load_test_seed.sql', 44),
    ('b0045000-0000-0000-0000-000000000001', 'a0045000-0000-0000-0000-000000000001', 'LT045', 'Load Test 045', 'loadtest045@unihub.local', 'CNTT', 'Load Testing', 'K99', 'ACTIVE', 'load_test_seed.sql', 45),
    ('b0046000-0000-0000-0000-000000000001', 'a0046000-0000-0000-0000-000000000001', 'LT046', 'Load Test 046', 'loadtest046@unihub.local', 'CNTT', 'Load Testing', 'K99', 'ACTIVE', 'load_test_seed.sql', 46),
    ('b0047000-0000-0000-0000-000000000001', 'a0047000-0000-0000-0000-000000000001', 'LT047', 'Load Test 047', 'loadtest047@unihub.local', 'CNTT', 'Load Testing', 'K99', 'ACTIVE', 'load_test_seed.sql', 47),
    ('b0048000-0000-0000-0000-000000000001', 'a0048000-0000-0000-0000-000000000001', 'LT048', 'Load Test 048', 'loadtest048@unihub.local', 'CNTT', 'Load Testing', 'K99', 'ACTIVE', 'load_test_seed.sql', 48),
    ('b0049000-0000-0000-0000-000000000001', 'a0049000-0000-0000-0000-000000000001', 'LT049', 'Load Test 049', 'loadtest049@unihub.local', 'CNTT', 'Load Testing', 'K99', 'ACTIVE', 'load_test_seed.sql', 49),
    ('b0050000-0000-0000-0000-000000000001', 'a0050000-0000-0000-0000-000000000001', 'LT050', 'Load Test 050', 'loadtest050@unihub.local', 'CNTT', 'Load Testing', 'K99', 'ACTIVE', 'load_test_seed.sql', 50),
    ('b0051000-0000-0000-0000-000000000001', 'a0051000-0000-0000-0000-000000000001', 'LT051', 'Load Test 051', 'loadtest051@unihub.local', 'CNTT', 'Load Testing', 'K99', 'ACTIVE', 'load_test_seed.sql', 51),
    ('b0052000-0000-0000-0000-000000000001', 'a0052000-0000-0000-0000-000000000001', 'LT052', 'Load Test 052', 'loadtest052@unihub.local', 'CNTT', 'Load Testing', 'K99', 'ACTIVE', 'load_test_seed.sql', 52),
    ('b0053000-0000-0000-0000-000000000001', 'a0053000-0000-0000-0000-000000000001', 'LT053', 'Load Test 053', 'loadtest053@unihub.local', 'CNTT', 'Load Testing', 'K99', 'ACTIVE', 'load_test_seed.sql', 53),
    ('b0054000-0000-0000-0000-000000000001', 'a0054000-0000-0000-0000-000000000001', 'LT054', 'Load Test 054', 'loadtest054@unihub.local', 'CNTT', 'Load Testing', 'K99', 'ACTIVE', 'load_test_seed.sql', 54),
    ('b0055000-0000-0000-0000-000000000001', 'a0055000-0000-0000-0000-000000000001', 'LT055', 'Load Test 055', 'loadtest055@unihub.local', 'CNTT', 'Load Testing', 'K99', 'ACTIVE', 'load_test_seed.sql', 55),
    ('b0056000-0000-0000-0000-000000000001', 'a0056000-0000-0000-0000-000000000001', 'LT056', 'Load Test 056', 'loadtest056@unihub.local', 'CNTT', 'Load Testing', 'K99', 'ACTIVE', 'load_test_seed.sql', 56),
    ('b0057000-0000-0000-0000-000000000001', 'a0057000-0000-0000-0000-000000000001', 'LT057', 'Load Test 057', 'loadtest057@unihub.local', 'CNTT', 'Load Testing', 'K99', 'ACTIVE', 'load_test_seed.sql', 57),
    ('b0058000-0000-0000-0000-000000000001', 'a0058000-0000-0000-0000-000000000001', 'LT058', 'Load Test 058', 'loadtest058@unihub.local', 'CNTT', 'Load Testing', 'K99', 'ACTIVE', 'load_test_seed.sql', 58),
    ('b0059000-0000-0000-0000-000000000001', 'a0059000-0000-0000-0000-000000000001', 'LT059', 'Load Test 059', 'loadtest059@unihub.local', 'CNTT', 'Load Testing', 'K99', 'ACTIVE', 'load_test_seed.sql', 59),
    ('b0060000-0000-0000-0000-000000000001', 'a0060000-0000-0000-0000-000000000001', 'LT060', 'Load Test 060', 'loadtest060@unihub.local', 'CNTT', 'Load Testing', 'K99', 'ACTIVE', 'load_test_seed.sql', 60),
    ('b0061000-0000-0000-0000-000000000001', 'a0061000-0000-0000-0000-000000000001', 'LT061', 'Load Test 061', 'loadtest061@unihub.local', 'CNTT', 'Load Testing', 'K99', 'ACTIVE', 'load_test_seed.sql', 61),
    ('b0062000-0000-0000-0000-000000000001', 'a0062000-0000-0000-0000-000000000001', 'LT062', 'Load Test 062', 'loadtest062@unihub.local', 'CNTT', 'Load Testing', 'K99', 'ACTIVE', 'load_test_seed.sql', 62),
    ('b0063000-0000-0000-0000-000000000001', 'a0063000-0000-0000-0000-000000000001', 'LT063', 'Load Test 063', 'loadtest063@unihub.local', 'CNTT', 'Load Testing', 'K99', 'ACTIVE', 'load_test_seed.sql', 63),
    ('b0064000-0000-0000-0000-000000000001', 'a0064000-0000-0000-0000-000000000001', 'LT064', 'Load Test 064', 'loadtest064@unihub.local', 'CNTT', 'Load Testing', 'K99', 'ACTIVE', 'load_test_seed.sql', 64),
    ('b0065000-0000-0000-0000-000000000001', 'a0065000-0000-0000-0000-000000000001', 'LT065', 'Load Test 065', 'loadtest065@unihub.local', 'CNTT', 'Load Testing', 'K99', 'ACTIVE', 'load_test_seed.sql', 65),
    ('b0066000-0000-0000-0000-000000000001', 'a0066000-0000-0000-0000-000000000001', 'LT066', 'Load Test 066', 'loadtest066@unihub.local', 'CNTT', 'Load Testing', 'K99', 'ACTIVE', 'load_test_seed.sql', 66),
    ('b0067000-0000-0000-0000-000000000001', 'a0067000-0000-0000-0000-000000000001', 'LT067', 'Load Test 067', 'loadtest067@unihub.local', 'CNTT', 'Load Testing', 'K99', 'ACTIVE', 'load_test_seed.sql', 67),
    ('b0068000-0000-0000-0000-000000000001', 'a0068000-0000-0000-0000-000000000001', 'LT068', 'Load Test 068', 'loadtest068@unihub.local', 'CNTT', 'Load Testing', 'K99', 'ACTIVE', 'load_test_seed.sql', 68),
    ('b0069000-0000-0000-0000-000000000001', 'a0069000-0000-0000-0000-000000000001', 'LT069', 'Load Test 069', 'loadtest069@unihub.local', 'CNTT', 'Load Testing', 'K99', 'ACTIVE', 'load_test_seed.sql', 69),
    ('b0070000-0000-0000-0000-000000000001', 'a0070000-0000-0000-0000-000000000001', 'LT070', 'Load Test 070', 'loadtest070@unihub.local', 'CNTT', 'Load Testing', 'K99', 'ACTIVE', 'load_test_seed.sql', 70),
    ('b0071000-0000-0000-0000-000000000001', 'a0071000-0000-0000-0000-000000000001', 'LT071', 'Load Test 071', 'loadtest071@unihub.local', 'CNTT', 'Load Testing', 'K99', 'ACTIVE', 'load_test_seed.sql', 71),
    ('b0072000-0000-0000-0000-000000000001', 'a0072000-0000-0000-0000-000000000001', 'LT072', 'Load Test 072', 'loadtest072@unihub.local', 'CNTT', 'Load Testing', 'K99', 'ACTIVE', 'load_test_seed.sql', 72),
    ('b0073000-0000-0000-0000-000000000001', 'a0073000-0000-0000-0000-000000000001', 'LT073', 'Load Test 073', 'loadtest073@unihub.local', 'CNTT', 'Load Testing', 'K99', 'ACTIVE', 'load_test_seed.sql', 73),
    ('b0074000-0000-0000-0000-000000000001', 'a0074000-0000-0000-0000-000000000001', 'LT074', 'Load Test 074', 'loadtest074@unihub.local', 'CNTT', 'Load Testing', 'K99', 'ACTIVE', 'load_test_seed.sql', 74),
    ('b0075000-0000-0000-0000-000000000001', 'a0075000-0000-0000-0000-000000000001', 'LT075', 'Load Test 075', 'loadtest075@unihub.local', 'CNTT', 'Load Testing', 'K99', 'ACTIVE', 'load_test_seed.sql', 75),
    ('b0076000-0000-0000-0000-000000000001', 'a0076000-0000-0000-0000-000000000001', 'LT076', 'Load Test 076', 'loadtest076@unihub.local', 'CNTT', 'Load Testing', 'K99', 'ACTIVE', 'load_test_seed.sql', 76),
    ('b0077000-0000-0000-0000-000000000001', 'a0077000-0000-0000-0000-000000000001', 'LT077', 'Load Test 077', 'loadtest077@unihub.local', 'CNTT', 'Load Testing', 'K99', 'ACTIVE', 'load_test_seed.sql', 77),
    ('b0078000-0000-0000-0000-000000000001', 'a0078000-0000-0000-0000-000000000001', 'LT078', 'Load Test 078', 'loadtest078@unihub.local', 'CNTT', 'Load Testing', 'K99', 'ACTIVE', 'load_test_seed.sql', 78),
    ('b0079000-0000-0000-0000-000000000001', 'a0079000-0000-0000-0000-000000000001', 'LT079', 'Load Test 079', 'loadtest079@unihub.local', 'CNTT', 'Load Testing', 'K99', 'ACTIVE', 'load_test_seed.sql', 79),
    ('b0080000-0000-0000-0000-000000000001', 'a0080000-0000-0000-0000-000000000001', 'LT080', 'Load Test 080', 'loadtest080@unihub.local', 'CNTT', 'Load Testing', 'K99', 'ACTIVE', 'load_test_seed.sql', 80),
    ('b0081000-0000-0000-0000-000000000001', 'a0081000-0000-0000-0000-000000000001', 'LT081', 'Load Test 081', 'loadtest081@unihub.local', 'CNTT', 'Load Testing', 'K99', 'ACTIVE', 'load_test_seed.sql', 81),
    ('b0082000-0000-0000-0000-000000000001', 'a0082000-0000-0000-0000-000000000001', 'LT082', 'Load Test 082', 'loadtest082@unihub.local', 'CNTT', 'Load Testing', 'K99', 'ACTIVE', 'load_test_seed.sql', 82),
    ('b0083000-0000-0000-0000-000000000001', 'a0083000-0000-0000-0000-000000000001', 'LT083', 'Load Test 083', 'loadtest083@unihub.local', 'CNTT', 'Load Testing', 'K99', 'ACTIVE', 'load_test_seed.sql', 83),
    ('b0084000-0000-0000-0000-000000000001', 'a0084000-0000-0000-0000-000000000001', 'LT084', 'Load Test 084', 'loadtest084@unihub.local', 'CNTT', 'Load Testing', 'K99', 'ACTIVE', 'load_test_seed.sql', 84),
    ('b0085000-0000-0000-0000-000000000001', 'a0085000-0000-0000-0000-000000000001', 'LT085', 'Load Test 085', 'loadtest085@unihub.local', 'CNTT', 'Load Testing', 'K99', 'ACTIVE', 'load_test_seed.sql', 85),
    ('b0086000-0000-0000-0000-000000000001', 'a0086000-0000-0000-0000-000000000001', 'LT086', 'Load Test 086', 'loadtest086@unihub.local', 'CNTT', 'Load Testing', 'K99', 'ACTIVE', 'load_test_seed.sql', 86),
    ('b0087000-0000-0000-0000-000000000001', 'a0087000-0000-0000-0000-000000000001', 'LT087', 'Load Test 087', 'loadtest087@unihub.local', 'CNTT', 'Load Testing', 'K99', 'ACTIVE', 'load_test_seed.sql', 87),
    ('b0088000-0000-0000-0000-000000000001', 'a0088000-0000-0000-0000-000000000001', 'LT088', 'Load Test 088', 'loadtest088@unihub.local', 'CNTT', 'Load Testing', 'K99', 'ACTIVE', 'load_test_seed.sql', 88),
    ('b0089000-0000-0000-0000-000000000001', 'a0089000-0000-0000-0000-000000000001', 'LT089', 'Load Test 089', 'loadtest089@unihub.local', 'CNTT', 'Load Testing', 'K99', 'ACTIVE', 'load_test_seed.sql', 89),
    ('b0090000-0000-0000-0000-000000000001', 'a0090000-0000-0000-0000-000000000001', 'LT090', 'Load Test 090', 'loadtest090@unihub.local', 'CNTT', 'Load Testing', 'K99', 'ACTIVE', 'load_test_seed.sql', 90),
    ('b0091000-0000-0000-0000-000000000001', 'a0091000-0000-0000-0000-000000000001', 'LT091', 'Load Test 091', 'loadtest091@unihub.local', 'CNTT', 'Load Testing', 'K99', 'ACTIVE', 'load_test_seed.sql', 91),
    ('b0092000-0000-0000-0000-000000000001', 'a0092000-0000-0000-0000-000000000001', 'LT092', 'Load Test 092', 'loadtest092@unihub.local', 'CNTT', 'Load Testing', 'K99', 'ACTIVE', 'load_test_seed.sql', 92),
    ('b0093000-0000-0000-0000-000000000001', 'a0093000-0000-0000-0000-000000000001', 'LT093', 'Load Test 093', 'loadtest093@unihub.local', 'CNTT', 'Load Testing', 'K99', 'ACTIVE', 'load_test_seed.sql', 93),
    ('b0094000-0000-0000-0000-000000000001', 'a0094000-0000-0000-0000-000000000001', 'LT094', 'Load Test 094', 'loadtest094@unihub.local', 'CNTT', 'Load Testing', 'K99', 'ACTIVE', 'load_test_seed.sql', 94),
    ('b0095000-0000-0000-0000-000000000001', 'a0095000-0000-0000-0000-000000000001', 'LT095', 'Load Test 095', 'loadtest095@unihub.local', 'CNTT', 'Load Testing', 'K99', 'ACTIVE', 'load_test_seed.sql', 95),
    ('b0096000-0000-0000-0000-000000000001', 'a0096000-0000-0000-0000-000000000001', 'LT096', 'Load Test 096', 'loadtest096@unihub.local', 'CNTT', 'Load Testing', 'K99', 'ACTIVE', 'load_test_seed.sql', 96),
    ('b0097000-0000-0000-0000-000000000001', 'a0097000-0000-0000-0000-000000000001', 'LT097', 'Load Test 097', 'loadtest097@unihub.local', 'CNTT', 'Load Testing', 'K99', 'ACTIVE', 'load_test_seed.sql', 97),
    ('b0098000-0000-0000-0000-000000000001', 'a0098000-0000-0000-0000-000000000001', 'LT098', 'Load Test 098', 'loadtest098@unihub.local', 'CNTT', 'Load Testing', 'K99', 'ACTIVE', 'load_test_seed.sql', 98),
    ('b0099000-0000-0000-0000-000000000001', 'a0099000-0000-0000-0000-000000000001', 'LT099', 'Load Test 099', 'loadtest099@unihub.local', 'CNTT', 'Load Testing', 'K99', 'ACTIVE', 'load_test_seed.sql', 99),
    ('b0100000-0000-0000-0000-000000000001', 'a0100000-0000-0000-0000-000000000001', 'LT100', 'Load Test 100', 'loadtest100@unihub.local', 'CNTT', 'Load Testing', 'K99', 'ACTIVE', 'load_test_seed.sql', 100);

-- 1 load-test workshop: capacity = 10, registration opens now, closes in 30 days
INSERT INTO workshops (
    id, event_id, room_id, title, description, capacity, price_amount, currency, status,
    start_time, end_time, registration_opens_at, registration_closes_at, created_by
) VALUES (
    '34000000-0000-0000-0000-000000000099',
    '30000000-0000-0000-0000-000000000001',
    '31000000-0000-0000-0000-000000000001',
    'Load Test Workshop (cap=10)',
    'Workshop dung de test tranh chap cho ngoi. Chi co 10 cho.',
    10,
    0,
    'VND',
    'PUBLISHED',
    NOW(),
    NOW() + INTERVAL '60 days',
    NOW() - INTERVAL '1 minute',
    NOW() + INTERVAL '30 days',
    '10000000-0000-0000-0000-000000000003'
);
